timestamp,ax,ay,az,gx,gy,gz
0.0,-0.13966913930377106,9.791819352566472,0.014943371224128116,-0.7219394775683383,2.5842364606047776,-0.8639048920205895
20.0,0.014385851631843428,9.928747856721465,0.16098728729869596,-0.14603754667988975,-0.5378693945969673,2.1941330892860322
40.0,0.12214331418800549,9.664433550928267,0.10382891957146309,-3.186597008600085,0.6609512121339923,0.9624992082772768
60.0,-0.024052792410106917,9.71401219819476,-0.09788987416280982,0.12634192600784633,0.6616036533682106,1.6141152891869595
80.0,-0.13489224936624716,9.725781932623573,-0.08810240865050628,-2.8155884299346927,-0.20553013973578393,-0.6489162386944041
100.0,-0.09074102571598777,9.790408833315485,0.07640656329939441,-1.1007978794464692,0.5328798575022368,-1.2794371544566772
120.0,0.03158335237391105,9.90140332286173,0.0724287193923776,-0.6282830676433995,0.8844435884486677,-0.6448340261177959
140.0,0.08392591921921627,9.69595982187539,0.15263651810100082,-1.499879984874636,0.3781687626310289,0.22816161106015975
160.0,-0.03790180727544456,9.57010061717607,-0.32503106818884975,-0.0351374889438056,1.4586959774518558,0.8493496107554995
180.0,0.028296113643656463,9.73215662350847,0.10719874218433821,-2.702381841863473,-1.1615762245051622,0.3758642609727209
200.0,-0.18810070782208418,9.549275909492868,-0.11153265182784554,1.1294306075016571,2.713892929060315,-0.423418585236577
220.0,0.03896346924552723,9.73464797606731,0.27727529486405966,-0.3526957939283789,-1.8744068513799625,0.15651402610268206
240.0,-0.18011091401103288,10.00720819005826,0.10883400168755598,1.015665003490145,0.9275814345640945,-0.25245440982072875
260.0,-0.2414915506386553,9.665070526148146,-0.1046301236958031,-0.11830141237813163,0.7353366126224478,0.2753486939372309
280.0,0.10243886983438288,9.897576287157978,0.018342222869968703,-2.2922332201589253,0.24408826794289745,1.5035861530241996
300.0,0.00905356904508854,9.388977553025068,0.12748955308435192,1.5325501507043264,-0.9898212796417861,-0.19791374973733863
320.0,0.05327908562389331,9.898523508017888,-0.0418768525351219,0.7676953350318358,-0.8044842941646319,1.6244801631108712
340.0,0.05721100619547226,9.542855670385963,-0.22834602332768697,0.1690988589189935,0.16130633788546772,1.1496518528643307
360.0,-0.056064210840931474,9.766425624066644,-0.003731626232282653,-0.5436046943200042,0.22705408136416397,2.059998747692825
380.0,-0.03155225313455042,9.67991907814533,-0.12793917697750518,1.0840850576693901,0.17542628590843792,-0.5499782274321915
400.0,0.23872574398890506,9.862341896149236,0.10363675305764022,0.08219320691880416,1.2141552995419655,1.5313407832493784
420.0,-0.1231050561447167,9.865077378898508,-0.11103805232243848,0.5352834444570388,0.21210131925349993,1.226074241437627
440.0,-0.07178518945193746,9.683469884318326,-0.01288990081959652,-2.265433454858624,-2.175476708544888,2.1222465054569994
460.0,-0.1344766946550117,9.841058186173818,0.015023479190020367,-1.4972397191920122,1.7665927536738113,0.44640320414640744
480.0,-0.028093987994140337,9.782591486508327,0.03218865651755525,-0.5200848081979715,0.45447393006942777,-0.3963348136291781
500.0,0.11254412146525046,9.811708467197633,-0.041800574013934645,3.07701405729048,-0.8961149424422375,0.5924044143524722
520.0,0.15890290980988875,9.81214968713487,0.02670778638556297,-2.397927921652562,-0.16894327022359884,0.8765105528662378
540.0,-0.05116248755983846,9.917900987615125,0.21341665374139906,-0.898158680166836,-1.345115129179592,1.7216967708696371
560.0,0.0409588902274563,9.581880268773391,0.06663211018646262,0.5070298523569402,1.261703652327096,-1.4031375971369662
580.0,0.0884955170335229,9.77475184483365,-0.16186383890737982,-0.22830772441790004,0.2795925515705199,0.889729761932923
600.0,0.1200424105133803,9.753283421061482,0.04794759672051211,0.8131521706379257,-0.03890422018851631,1.7222481658271465
620.0,-0.0658369474842915,9.713664865272616,0.08445006920065527,-0.9431083676498524,0.3136242008826289,-1.3488576354548352
640.0,-0.1148983450543121,9.758495447066156,0.0242128528359298,-0.5809304883201554,1.0739829584377334,1.572983866772037
660.0,0.14546897675500386,9.944633710036058,0.016680610901252044,-2.416957350583151,-1.5141664842120113,2.7455551343460933
680.0,-0.14616322604168713,9.94990888951604,-0.013968326022506363,-1.1574091529860824,0.14345402820002995,0.09388242422220676
700.0,0.06541815260181627,9.730317957472225,0.06242531714240823,0.45427846807151395,0.8407129837668526,0.6529279314529156
720.0,-0.01257226719327346,9.775735741137089,0.10209286212963171,2.403372996132153,0.8279731629499841,1.0213795006811108
740.0,0.06884992680245615,9.837687949498624,-0.06130555893330265,2.6587586946354893,-0.31006090043963386,-1.3445049277175263
760.0,-0.049795453071625424,9.689280870464433,0.02373787505409345,0.6028398650885505,-0.15237867460640872,0.29424745217643705
780.0,-0.05015840628818713,9.842114589157317,0.05643438830857253,0.5573236155679183,-0.44558018933445964,0.6655694229828266
800.0,0.03846955742758619,9.768547801564312,-0.10850124805151332,-1.462307263254498,-0.6334518659105893,-0.20771306483523852
820.0,0.1598019030472706,9.929801745316176,-0.13049306210672518,-0.22682802779464473,1.7985355942469226,-0.06771112159476653
840.0,-0.014770682594072458,9.720319707245707,0.052773234669434614,1.685113515207251,0.6902636567462548,0.20086868702491398
860.0,-0.0005585080514534036,9.78095995161909,0.12736628338881356,1.7839884728337143,0.9578856951699569,0.7969328395389977
880.0,0.05534808422217722,9.95983448235835,-0.004279723788906913,1.0828408391330862,-1.6626212973664394,-0.2733456430798128
900.0,-0.012941719175182193,9.76286567660872,0.06840139389011564,0.12669123791551531,-1.1881626145544457,-0.5791081732073029
920.0,0.014168384103664134,9.69363270796813,0.014310240702732797,0.656394408899803,-0.4509774651508641,0.05359011272517505
940.0,0.08717506080441313,9.81976215588197,-0.05873406637571782,0.6241409143592942,-1.2868211061515544,-1.1263240079225292
960.0,0.04773445041036013,9.791707486136723,-0.0861377145573285,-0.03229603187384672,0.1325886193177342,1.6589327001444858
980.0,-0.21003770115065154,9.745409324416977,0.060921316144320135,2.5446533027036446,0.5633959963897379,1.199096244241579
1000.0,0.01931094252297603,9.715093897680264,-0.02235588890385427,-1.0194813411473445,0.2883453225328562,-0.9616103937025874
1020.0,-0.04779998699591466,9.79141339383484,0.10039473295491246,-0.07116637503470688,-1.2714155230671882,-0.5680254242337398
1040.0,-0.09678446455329431,9.972940232831704,0.12545161444406902,0.4675837251435874,-0.29133439216636364,0.9169418897288536
1060.0,0.03399659010264793,9.830363324007175,-0.030918051767906414,-1.8356823161438887,1.527308368443871,2.1825058233574888
1080.0,-0.026370890444766315,9.830584431005814,0.02920631349907615,-1.325142188018181,-1.2690212816437152,-0.966536812769025
1100.0,-0.0537404307191305,9.927671867623053,-0.12260940174710543,-1.070745426856613,0.09033804857127543,0.8587895685436899
1120.0,-0.008359493749847928,9.688154233944164,-0.00767626153933035,-3.147958269338517,-1.6558125252519524,0.32730900308844774
1140.0,0.04012904604666175,9.918075116108358,0.023952166976021632,0.318395453592919,-0.22599213356116554,0.7074733497293506
1160.0,0.013023605615827567,9.982107189997661,0.03484721932886738,0.19374472423603012,0.49987231921733793,0.8914840254157225
1180.0,-0.09225164892771824,9.980040910643584,0.029029862886244644,1.7184410811587685,0.7294728479891197,-0.22871189634281325
1200.0,-0.003108196068380683,9.959177001879532,-0.0029344881578073534,0.10907827170959516,0.5003633912438795,0.37164306653478413
1220.0,-0.021810424553233954,9.849006745905008,-0.09653945167410712,-0.8234019097939531,-1.1220273143102426,0.7135360669449485
1240.0,0.06050034580131567,9.765878115583696,0.08242509492734171,-0.6365587232150703,0.23788367431869845,1.066610480957358
1260.0,-0.11729823622138953,9.733086664319146,-0.0824801793049394,-0.17465265661921095,-0.5991702446284631,-0.5116584119312226
1280.0,0.03740317751404306,9.743472507289999,0.12111276391003047,-0.5107952109922274,-1.7749443576111295,0.30944913158109594
1300.0,0.06412969604406797,10.064259479973106,-0.07078773845140236,-1.001373085607528,-0.8313282167125716,-0.6122773061439708
1320.0,0.04906674908065512,9.918916168879608,0.07112207585980111,0.7475095115474468,0.46509931897857654,0.9071596902122478
1340.0,0.11730400095559664,9.741778610686005,-0.1338611847581746,0.6046984071189335,-2.85717015048652,-1.3644048076384307
1360.0,0.06652679492930798,9.882974095703132,-0.023085565283457992,0.5993895811058902,1.074639181459618,-1.7289059955664992
1380.0,-0.009584909029609628,9.621132684120766,0.05098489622731989,1.0500462759946483,0.12541021316617873,0.767563546067361
1400.0,-0.06654413088132553,10.032398402737545,0.06571793154036155,-1.308702829555665,0.12666585592686774,1.2172855605213122
1420.0,0.055024239588231307,10.017970808686012,-0.008099633082846888,1.391771218604949,0.8048561795864324,-2.122922865489987
1440.0,-0.06053992218916983,9.859771443657673,0.07096117412398592,1.4286140898725446,1.1466374548986054,1.9907017447851632
1460.0,-0.08442542152244957,9.88188130956773,-0.11678254870881911,-0.11383780136324959,-0.15565994862999988,0.7430013855217174
1480.0,0.0674910278602754,9.893367510939386,-0.17466482264369773,-1.3783761368145075,-0.15804273029532873,0.23083249088936364
1500.0,-0.06808688377174542,9.706377177686669,-0.04096978624889281,0.07877190290619987,0.11695163727167511,0.6480006803358527
1520.0,0.23266349726488605,9.777752750605494,0.034271393365533476,-0.5717985033328978,0.4898834551131264,1.5269758218185092
1540.0,0.09626363226085832,9.77486303647462,0.10259640505308495,-0.8705584343544532,0.9492320769582011,0.29253205892985684
1560.0,0.038211644297857075,9.902475357228562,-0.12375702697721802,1.5680253787352265,-0.5046163237710061,-1.0125374415222472
1580.0,-0.11202419999549496,9.896040598697411,0.009656547446899016,-0.6320552839141693,-2.9008681883849725,0.4879767251253319
1600.0,-0.10354859888657345,9.959171581893157,0.15518118095453923,-1.7227949268764922,0.49257379163582976,-1.4284000437143312
1620.0,0.2211029692272214,10.152966795603156,0.02704704460731558,-2.64038572016011,0.13569191651911472,-0.00018919909305902387
1640.0,-0.187938635514771,9.676261049770082,-0.016581599852673157,-2.0012406237965252,-0.19445733825657413,-1.949827064105681
1660.0,0.08418927706451405,9.977479867223789,-0.09470105354126376,3.754026572703008,-0.20454216606199394,1.2833932731688151
1680.0,-0.12732023435379103,9.664190625788647,-0.038387576257747066,-1.6220486327821406,1.2625058748881224,-0.1863183923706336
1700.0,-0.0011842299926972063,9.699543195692042,-0.04745397338267103,1.2994570279066586,0.6492810017768258,0.7468336930427696
1720.0,0.07504154531117668,9.671191142323684,-0.2577354176285622,0.6019249559173793,0.41730985494525785,0.2230991009412626
1740.0,0.11919551064646022,9.795009594167748,0.05446040960420621,-3.374635273494729,1.9687531113316545,-1.5005949798321014
1760.0,-0.09130867536766646,9.92277834663256,0.07636379053841977,-2.0610493437888535,-0.4856398254956714,0.37223697499458047
1780.0,0.07319921744975148,9.61075446225225,0.030405597547567588,-0.6899383754360787,0.5021219181764205,-1.2687880643743672
1800.0,-0.04821746341361395,9.797422977011376,0.0669886507057872,-1.2074220962983475,1.1781045756045114,-1.246175868727601
1820.0,-0.02681986147627762,9.94093801966655,-0.016280906876717915,-1.0765958132458149,0.26927505656499867,-0.9124628736922145
1840.0,0.01842753750755072,9.767088958916426,0.046080627892443965,-0.8100732568063658,-1.6754489151188663,0.22934200592021525
1860.0,-0.11046405642360602,9.921919727889323,-0.14083067549938535,-2.2906140449518406,-0.034919687257048686,0.2874604236397882
1880.0,-0.041537148088750114,9.687755146185463,0.04275175127165496,-0.8474176725938802,0.3747229408872683,-0.17257814891514545
1900.0,0.07490388240962452,9.65798021632677,0.05132723645273962,1.4537190693907929,-0.5697790702644041,-1.287747416645862
1920.0,0.03599396341470868,9.761124463741288,0.20266716161447554,-0.9552775731668279,-0.2004807878222387,0.571964377791464
1940.0,0.11482019369550514,9.627403182414003,0.07205194443693018,-2.8241026410206578,0.7882363385558375,0.8200393028893975
1960.0,-0.11347689332686178,9.783895436380918,0.13088440774739035,-1.4570658486985946,-0.23173554608990513,0.061803520367650404
1980.0,0.05170457434356032,9.876255310436406,0.03502374943371211,1.2796019439597939,-0.9335553597026744,-0.902162472703687
2000.0,0.07671875739814787,9.720865351104784,-0.22398619634263175,-0.5979492309567644,0.22425003557425108,0.45143988849707445
2020.0,0.08264115840863642,9.522304373883868,0.046315952006115754,1.5815580300651344,-1.681634681790205,-0.8705192311718839
2040.0,0.051512893356463585,9.807931652188074,0.002473506744560482,1.0932987929203248,-0.9748424695049079,0.6816560479098056
2060.0,-0.026864076149086338,9.846550599608348,-0.0851161024866092,4.830121601621391,-0.049394362595697155,0.40312804096751537
2080.0,0.06011301870639485,10.036400213488287,0.1246339161678602,5.443497101596629,-0.46184759512159207,-0.7440133386793076
2100.0,-0.04234465599955545,9.58591320559377,0.025355470321574782,3.9633183635734204,0.4655785793254343,0.41424597927877316
2120.0,-0.07192358900787758,9.965635809441755,0.03336378283985164,6.665391797877479,-1.6633931244524194,-0.4454412691780288
2140.0,-0.0035689451389463497,9.85944325267286,-0.19644281942695524,8.350068205254686,0.1533494233394888,0.4005660082311516
2160.0,-0.08833449682737365,9.629402854091571,0.14456855732464496,5.067207400448591,0.6880238230418038,0.017571439620709922
2180.0,-0.016544189566290286,9.77955287159533,-0.07945846914688989,8.736825426087462,0.5077827217962261,-0.3067973394700119
2200.0,0.01802523580975154,9.545947099700257,0.2409404252895554,8.760958149495664,1.9322525291992794,0.3850076393913431
2220.0,-0.04346894634391652,10.015615254632658,0.20745730749409796,11.089836877301384,0.05150412539372082,-0.6657843155101675
2240.0,0.1600598370356456,9.830790229778643,0.14752051230562932,11.78531740089441,-0.8054383131177344,0.5311601624505004
2260.0,0.18643725482280726,9.928774897787704,0.23248431337140313,11.984209691618606,-1.0952052089090327,-0.37714579683862837
2280.0,0.060826941317245975,9.864960432006022,0.35778152562644316,12.471285786221415,1.4357501704960682,1.0058260527676142
2300.0,0.10103736550456775,9.671662923593667,0.22559841896816973,12.829173702504738,0.7020651906457818,-1.118883457642952
2320.0,0.04295558282839484,9.854423012385286,0.2284334945473313,15.51347894224739,1.5296094465338126,-0.5258908373522343
2340.0,-0.03265082700689775,9.957717148167605,0.6177569568462035,18.04657113114481,-1.182305224152299,1.497378803169702
2360.0,0.007881715678730309,9.697065901851747,0.4199969929560824,15.91223827725454,0.023606350898810514,-0.7768088297161282
2380.0,0.017103178774015654,9.82016450688309,0.4669966327889231,14.643211646082174,-0.8685070126084177,-0.4191800957122241
2400.0,-0.08040445805295633,9.827840011230048,0.6754964149401439,17.340764901155577,-0.7495380302774262,0.6538812219700905
2420.0,-0.008201588038793636,9.768190250990916,0.6404726123484157,17.62409532078173,1.4681625838697931,0.749287694984172
2440.0,0.19036926575449123,9.947092734666485,0.7451892844469046,23.067831325707047,0.559025932864137,-1.8146209691303292
2460.0,0.08126465905002546,9.857522736040362,0.9350803297163317,19.20259017203351,-2.6601897863540027,1.3947136591661085
2480.0,0.0848892457550267,9.638747221779317,0.9607626474736797,19.834863723251804,1.4165274918066988,1.2622738931748447
2500.0,-0.23817459790500972,9.948804905713182,0.9319433107376687,24.339002229231603,-0.018219332893607883,-0.6373212881745804
2520.0,0.1262966379466003,9.534430708027799,0.940489084948616,22.853549058409147,-1.4961876934771465,1.1803775645929535
2540.0,-0.08705874913260335,9.479752196223393,1.008379130747976,24.672739720719566,-0.4530979143912053,-1.2596130107029806
2560.0,0.02671737194095918,9.522640720532412,1.2146464477130585,25.783376984684214,-0.10691847194452593,-0.6493818460613865
2580.0,-0.0002657059626714777,9.483682589330002,1.1696523819348974,25.59913507881294,-1.1957475131708994,-1.3109313202078503
2600.0,0.02871227065588713,9.842178405572348,1.3376055065325503,26.549275742317242,0.42144830420420243,-0.8208986263374342
2620.0,-0.17623176875711008,9.844729863349038,1.5400210400263232,23.55658371202416,-0.1556447089084145,-0.8468754243994713
2640.0,-0.0755425106712429,9.563172875427426,1.5242937007589543,28.495196027451378,0.20348550078117855,-0.5725313125739999
2660.0,-0.03033432001119861,9.835792726454953,1.5743753288794258,30.165194198884464,1.251757611247484,-1.3358098063392698
2680.0,-0.0547082823437402,9.503251167043583,1.8818447901959197,27.184637150435503,1.619032579244119,-1.1174053122739325
2700.0,0.05810432405412466,9.494543187087817,1.9853782040540675,29.897133507929663,-1.5338313403910757,1.0756428004417808
2720.0,-0.0793390385666995,9.747674148091775,1.9596671224463853,31.155727366492197,-0.054841014675638636,-1.1908229743669247
2740.0,-0.13427041096404813,9.53414709925857,2.0632884540181755,28.28238970236908,-0.6462629908828612,0.44005765758711796
2760.0,0.052851222840773295,9.770082198375492,2.1726966338123495,29.92087973977396,-0.5417977589127035,0.9212078631339284
2780.0,0.022924542739405758,9.40350970836057,2.1773909282893125,32.82757844446393,-0.26305702345186727,0.2674668196729077
2800.0,-0.08003322010217058,9.701452414702922,2.5147469720374804,31.863083310975515,1.0604342571587724,0.8693456589656798
2820.0,-0.06996734704023824,9.752588372791761,2.6374677202814043,32.747811661303146,-0.8473820944015676,0.7667225811746685
2840.0,0.0340988863983359,9.60891403465669,2.730533634724926,33.94663000239118,0.9321016536964333,-0.5376639485329963
2860.0,-0.1164362300288656,9.451667867479491,2.634336380441988,35.47215729254441,-0.13062742587872786,-0.30767197766486637
2880.0,-0.053909453890775165,9.405755644361337,2.738173107589078,33.30000850218096,-0.42777072516711123,0.3300939814517654
2900.0,0.22093030650384704,9.488944866718589,2.71552342869925,33.29045157049989,0.8279544083123505,-0.3731682146813883
2920.0,-0.012634611454303233,9.303949953244219,2.971738123698008,32.54857249261272,-0.3639085591754573,-2.7720409696734882
2940.0,-0.014640625156417392,9.462877114560307,3.309966199305165,37.57446715645298,-0.24504105859797415,-2.3063076798199535
2960.0,0.1857187769184906,9.188949011298435,3.461623386945961,35.88676368762998,0.5298840617169187,-0.05827657707385826
2980.0,-0.10765192568633285,9.146323918048427,3.4125975154427755,36.52764436958757,0.19172234220263235,0.3725392494818184
3000.0,-0.12862082927433183,9.06695975570051,3.4990994415373753,38.02269822915199,-0.889433512613971,-1.5062180631864732
3020.0,-0.1647567802380353,9.326647669158042,3.65642893087892,36.806650051158144,-0.6855449271126887,0.055818854428514
3040.0,-0.009587575580613728,9.095274846371067,3.7368688265339562,33.93526744936107,-0.3010255846276119,-0.7124010258346548
3060.0,0.0426962095825985,9.030307343323836,3.9012904879028563,36.52398834206518,-0.5386199289407197,1.6885813708593813
3080.0,-0.03309597983006883,8.9577526817689,4.114438217953069,34.50227593547145,-0.06798786170453004,0.9203743744073292
3100.0,0.07495239328645693,8.907755638311935,3.896452567116102,39.438702607901526,1.0598628017732024,-0.350218649525047
3120.0,0.027900683401942322,9.030586633744099,4.186602818723547,34.89438200350956,0.10278921030725113,-0.26520880987281925
3140.0,-0.20439643677241848,8.662368751469266,4.018116078288088,34.24993139981196,-0.5016314104775254,-1.4177776326746554
3160.0,0.08494081232028054,8.736047075683656,4.578725934892607,37.348526333280255,0.2703460546463674,-1.2966614828800962
3180.0,-0.03441434756302699,8.746379350493473,4.505430088911205,36.768054702042896,0.31323477234589736,-1.2780432331285831
3200.0,0.2371815436440858,8.715350241364082,4.817657328886801,37.332209361851056,0.2674516365982779,0.40497703694957926
3220.0,-0.0219188270298062,8.450762121288927,4.731570427459596,38.684206425337536,1.097999350872342,-0.4558588014295021
3240.0,-0.1157110224570295,8.265983855412081,5.019106222901211,38.30176953151462,1.3715906813734484,-0.3515967486369959
3260.0,-0.07293493284091875,8.379354716564348,4.751975528523909,38.813335686903805,-0.7884932198646621,-1.1358429729300412
3280.0,-0.05196595417160508,8.473344495648448,4.987944509441967,39.069737629407015,0.9359447734412878,0.4056111804560563
3300.0,0.004844388295203818,8.437341462465278,5.515094369637813,37.5372920806477,2.83614870919993,1.192101213325466
3320.0,-0.13408373751740163,8.353985193941565,5.245482721279942,40.13708859176018,2.460603438638078,0.36694751914783746
3340.0,0.2232628347321741,7.9322082177037405,5.4223346059096444,39.30080948639107,0.39094808269763426,0.08742355885810252
3360.0,0.1291226663175601,7.925371413042169,5.529407660098057,34.759862973010655,-0.33295473574946677,0.41669337504009096
3380.0,0.06178722213579792,7.903939151508839,5.548470566523977,38.2856402334896,0.06316703738688784,-0.2835406916682009
3400.0,0.00922847215090193,8.068595136626554,5.6717427925579464,37.75317294669371,1.4212480738296271,0.9479284763095449
3420.0,-0.007277927022726981,8.033886666172629,5.855489602409757,35.54844580105608,0.26542948803239064,0.054558861267223244
3440.0,-0.08086206252500146,7.850242430224282,5.935194377666755,38.36027403554368,-0.11413468996029526,-0.9649811434069935
3460.0,-0.16286813970027716,7.697415661622957,6.007753902147299,36.3769361485106,-0.9809598959304188,0.9946218437831257
3480.0,0.08970631125142647,7.955709753843327,6.253590002128117,34.57172578348938,-0.7385689748971218,-0.414996123210842
3500.0,0.03439438742350397,7.55193743664013,6.129042840532922,39.58443924304031,0.6581978063744071,-0.10751514376009588
3520.0,0.26876806929290376,7.6217345554827185,6.552863322758482,36.078247195212306,-1.1540499964357425,1.070601263067639
3540.0,0.22032945873337556,7.651312946721291,6.517408873038949,35.2426984837311,0.9191755545160502,-1.0815241996346523
3560.0,-0.011649156873192368,7.454532634525765,6.489820297612576,36.29354932227544,-0.9615666882401339,-1.1380748004011447
3580.0,-0.08429410238083875,7.25065223742663,6.681918879660348,35.34740647077349,-1.6754935436337102,-0.07284685686189073
3600.0,0.02145219344635925,7.104610835791934,6.747400112349637,35.91316042701662,-1.0982529239078294,0.9927090143458425
3620.0,-0.037883750058272346,7.1710022240278555,6.920799757743456,32.97160071924015,-1.3604769387104474,0.767145868778983
3640.0,-0.019220474746531466,7.091388190785384,6.769260395703584,33.160469625017654,-2.170836363787708,-0.3244867942379754
3660.0,0.2307561596322413,6.957720159460274,7.052845012648672,31.21442277099167,0.08888990281494892,0.7644133479228153
3680.0,0.04649278012558553,6.9125223293042755,7.151856834491516,29.519499571195606,-0.26527498407778827,1.3934601953159884
3700.0,-0.16666411878621282,6.88553541272045,7.096415488710893,32.89816697986754,-2.3682670788837106,-0.044588346939330274
3720.0,0.01562173791401936,6.638118198224391,7.44941729742278,31.528740438154692,0.9999669414027876,0.07095413471270837
3740.0,-0.03819437259825042,6.579075261451996,7.151347527346743,29.608375330088016,1.7575821177360222,-1.383427055604732
3760.0,0.03711874407703205,6.331291338998513,7.296209915725851,29.81288823092974,0.13846030532508719,0.6592633217803188
3780.0,-0.0636734134213435,6.386032056986984,7.285645472638591,29.30738961220867,-0.32731972301628165,-1.965588032062496
3800.0,0.04672825608001772,6.499078145380616,7.33524425682934,27.029146553575682,0.3824626409106795,-1.1701214648829967
3820.0,0.05501080230910741,6.154792338721808,7.315382798382127,25.94718359716912,0.36809025492811726,0.10745337987063575
3840.0,0.05886168131678832,6.255888183525441,7.559129840198156,28.448277979213504,-0.7562907367257716,-0.3349969167576498
3860.0,0.006218332962486462,6.336622758967057,7.633472912114207,26.101611944695755,0.23774698588899612,1.125068140644139
3880.0,-0.13923412578856692,6.158586309576329,7.815790947208219,27.809948246932173,0.27066895519629486,-0.46791395539141967
3900.0,0.1537632466221268,5.8340971020677,7.679738914032751,25.652007389015544,0.2899839899466219,-0.33580056857381696
3920.0,0.03535376958010133,6.100313705090768,7.884239262198255,26.66313148385424,0.2566931257858732,1.287209334127613
3940.0,0.0928924204192354,6.058982784388821,7.717762734028986,24.96740393577315,-0.9521343904625212,0.22016301764357615
3960.0,-0.10297143232841473,5.993077614744808,7.711525768436445,24.194913642841986,-0.18092139987791822,0.041708880510839146
3980.0,-0.154817435270244,5.713472192467659,8.07558718285748,22.258576661827785,-1.5843710879212587,0.32191595536355827
4000.0,-0.0526971618531925,5.631264763131256,7.884786956014976,21.123416589037994,-0.8947457333685601,0.3559453002345721
4020.0,0.26422103857111384,5.728820120995386,8.193677333567708,19.53460295215785,-0.11020976482688212,0.4841967895505737
4040.0,0.05037270387459374,5.424545724552499,8.15418315282518,19.795338570712875,0.351627037560376,0.34822708238099
4060.0,0.14322702140262583,5.604036525044637,7.9572308467778425,21.97065778147608,-0.09577843873250512,-0.025393813729121095
4080.0,0.1552407421386791,5.725843660058422,8.103057206981692,18.52626567064846,-1.325512639580221,-0.7831646224063917
4100.0,0.01663144524273116,5.468024936728966,8.460389263639083,16.384870098128516,-0.5487515239004348,-0.8445128251754876
4120.0,-0.001980216006620527,5.383846834806352,8.162511550127336,15.88200997369065,-0.41316483061417264,0.9030619252382478
4140.0,-0.04652724606801315,5.210290827918463,8.248560146484545,16.701817691446085,1.492224229394555,0.15607229666650116
4160.0,-0.20890386586945253,5.314071430005755,8.239134466357566,12.66577338567094,1.0427322421040757,1.9628118387340192
4180.0,0.014776817843098767,5.132135755475873,8.403808286379489,15.415929880193476,-1.1248468282973776,0.8740475674739449
4200.0,0.02664616539137631,5.189784009540096,8.222223336124141,14.776156015468544,0.44708708469648434,-1.1044453101146117
4220.0,0.061125681968129945,5.023343715287035,8.441428496762255,13.247436476240507,-0.8452413461921091,-3.094989337072996
4240.0,-0.11638648945525792,5.29353629831879,8.38320791507412,10.554410265309503,1.6829703809203098,0.39919990204199274
4260.0,0.07382053796593917,5.1022082063616905,8.378434311535964,10.138363644029257,-0.3767487899519834,-1.4155439128623164
4280.0,0.006178569729132628,5.06799514604293,8.581802531358889,10.59236594208955,0.2196634360390645,0.17585922988774685
4300.0,-0.013076170084554535,5.087057132155543,8.458014810315385,9.561170211078526,-2.2286267834709905,1.4597217903807365
4320.0,0.22270098290371904,5.145973018668157,8.395681879479763,9.796617098911561,-0.13541641204364618,0.5359381510874729
4340.0,-0.05296910970268548,4.959916875568535,8.304315694503337,4.8238656472125045,1.0126375954511662,-1.0802092881425873
4360.0,-0.0504609919606821,5.0137362278701705,8.491205349584826,7.1052277016651475,0.5468259177884054,-0.09786058701196312
4380.0,0.09309374205988359,4.8616483309359175,8.433628806970578,7.118300393462009,-0.3225904313084632,0.0641736956618031
4400.0,0.00012358575907380173,5.038681290672348,8.219880478397974,4.707692590424355,-1.1647241866654947,2.473198499139117
4420.0,-0.03098102467108166,4.879530599012187,8.394682690826244,4.4427935871241795,-1.0377426065104736,0.6441716468696111
4440.0,-0.11347247928641442,5.158724594606339,8.630795156662735,2.164110104849926,0.2656809524378128,0.11647015066680555
4460.0,0.09562269448749851,4.826008691202709,8.634025588231752,2.756243332670148,0.9400428562559165,-0.5784027228592677
4480.0,0.019333057103839906,4.7416927915640485,8.447946907303603,1.3863517745539875,-0.041295829397669875,-0.07374737433377895
4500.0,0.03527739592563985,4.961323571754147,8.616406825196544,1.0478709972552247,0.6758040491067898,0.8377320223214688
4520.0,-0.11341553140198038,4.685227740595928,8.435830794253787,-1.627708100222319,0.6220493292349505,0.9933904334093332
4540.0,0.27499295990221473,4.862142063224937,8.533740899302549,1.062060748870111,0.21039626262170685,2.3159880706735367
4560.0,0.1154397219536012,4.979597424646885,8.633485521079805,-0.3118749322077212,-0.32170279603042656,-1.3495015648756874
4580.0,0.03794463747526176,4.940308913426198,8.655113087170523,-0.5308731538383823,0.1909071393423403,-0.4558933460063803
4600.0,0.07963626990548026,4.884082744909872,8.595358307180703,-1.6539409628766042,-0.008779887874219575,-0.9367920937775072
4620.0,0.011155289239047423,5.062267285354941,8.341989983674134,1.8809855467894097,0.4854511077193964,0.8987070048230918
4640.0,-0.0464948756325664,5.051503640587229,8.685041257965516,3.2542212306186697,-1.7551660437115948,-1.6592933598912503
4660.0,-0.08752670893411563,4.851062317583827,8.27203202504113,0.7333416275726191,0.09081418377117276,-0.3084686997414546
4680.0,-0.08468669971288656,4.992905568805778,8.41946055414162,1.9838207113617634,1.1678316436709366,1.0713465706962384
4700.0,0.10381030791315463,4.9714560186890395,8.548688704377986,-0.3340992481315816,0.381166208859842,-0.8320198063552012
4720.0,-0.04794105979736523,4.823240215355067,8.496025439820325,-3.3660628386277915,-0.3475443395214164,-1.8789483673038299
4740.0,-0.12128412058774847,4.746770236019579,8.114462369187107,-4.839158696657839,0.6283588426956576,-0.49577745151738584
4760.0,-0.22400491766530195,5.010498683020113,8.65169124261985,-0.9605419264548469,-2.050450580051674,0.7481084605648741
4780.0,0.015556492428037725,4.930026837549497,8.66544102365853,-3.1770510339887634,-0.22994300873794773,0.2516247921771365
4800.0,-0.008841052119547863,4.863901259091133,8.591365624977488,-1.3049106724721156,-0.05930123643967045,-1.3741959738641858
4820.0,0.21766731350289376,4.655600565310454,8.409542257629287,-2.1025348928907714,-0.9671731463826049,-1.1726497212563816
4840.0,-0.04086713745351818,4.981919749016375,8.486050152857942,-1.310379549749667,-0.5214092649622482,0.554935568965733
4860.0,0.07534839303782936,5.109942482023574,8.556751334174617,-2.7014438584524463,-0.9343492037606197,0.7648637842415641
4880.0,-0.2692023159001981,5.03970818747084,8.665326269848023,-1.2901950492853813,-1.3771887784604755,-1.7593698033962282
4900.0,0.1273188757721203,4.771056727586458,8.276464823781902,1.7505912058009185,0.46713043118235,0.6768457094946313
4920.0,0.03678315027848325,4.928254808547692,8.572107213167984,-3.093901211842768,0.6048359539127294,2.254064503357409
4940.0,0.024676613483741526,4.936827356932306,8.554585292944987,-0.541808560018147,-0.9709507584285085,-1.4555294690336698
4960.0,-0.08702519849605495,4.814375794871079,8.625873184762687,1.9870272183954687,-0.5972364130950969,-1.2524726209176533
4980.0,0.023428876535059023,4.825343615608092,8.489114575490772,-0.4873360071462193,0.8254745228763947,-0.42672779711933406
5000.0,-0.0012731659329416045,4.85181951109779,8.625475833138188,0.9234713785438444,0.29198634393016415,0.3734786321901554
5020.0,0.09454254913905358,4.996866166178194,8.476910078808395,1.0283967209457685,0.8141178058392848,0.21816395092989177
5040.0,-0.0008078113660741744,4.940887413547814,8.395488039445599,2.8662828823144872,-0.015220379184617633,-0.47380273379373666
5060.0,0.03606849480610429,4.902271448900237,8.451349995763158,1.0099275518756183,-2.3745458043409156,0.5505942460542119
5080.0,-0.0023641771660370373,5.2068894697792985,8.635899443707217,0.8463005567845676,0.42799831047233505,-1.1220137163628554
5100.0,0.030829709063831173,4.753100558915014,8.37698737883274,2.988382338108317,-0.7344316735833386,-0.10681038564072154
5120.0,-0.05658316358672785,4.90287312971994,8.402546708799226,2.8811389951041297,-0.42350202427030353,0.0006583437086561322
5140.0,-0.04079486847954993,4.601465653648934,8.397599848421422,-0.37522181915125724,1.1398331175898324,0.0674517908071846
5160.0,-0.07425728151095531,4.938851515571289,8.317586474214002,-0.3693297769944472,1.3308504815229518,1.141786568796928
5180.0,0.029266782310454847,4.887902178680947,8.383808129576094,-0.25823583718261467,-0.7550829446921311,0.776112183339775
5200.0,-0.21656748240884163,4.910490880219302,8.441906778407434,0.9835647382553254,-0.3074013618705624,-0.6382511003204865
5220.0,-0.07434246205295246,4.880509916494559,8.601587091558017,0.09890499320940199,1.005622020074238,1.3533245191277468
5240.0,0.056356554393424366,4.947001038731834,8.685721183682874,-1.3788710148539776,-0.16610240707449822,0.9529311259678281
5260.0,0.03352914985547446,4.953035945280238,8.45208563681778,1.5850491806720148,-0.027743778074637012,-1.1443028328004363
5280.0,0.039940419859590924,4.868687004694222,8.415731887891345,-1.4414771523774634,-1.7264675659039783,-1.094023591339496
5300.0,-0.08166763019766815,4.994960025167669,8.418343740180662,-0.2604030182461151,-0.4978267212685251,-0.2138531083349488
5320.0,-0.11699533445053878,4.796000317667369,8.378193215908757,3.4302606700922214,-0.21297178959486013,-0.04673661353799578
5340.0,-0.05277942189840168,4.774598852940296,8.265297513992707,-0.5983736487079319,0.10446218776767802,-0.05058010784398361
5360.0,0.006141388307429323,4.687610277519106,8.534739066525324,1.9406546757816079,-0.32092474999295223,-1.6725429751477443
5380.0,0.025094902320547313,4.872658385271722,8.76351255775132,-1.3490453793767045,1.7424819413231525,0.668783981935395
5400.0,0.07884858364501668,4.779430632100594,8.564862163993164,0.936372038603106,0.12364692335628481,-1.1534049292015385
5420.0,0.012696399319584516,4.8939692627747124,8.305048723692275,-1.6440363804600628,-0.25763613413913844,0.29249550348726394
5440.0,0.07308571243437673,4.8533514342173385,8.32869679205246,1.2382623929188843,0.26204719760683026,0.3607817505110899
5460.0,-0.011478661457583816,4.827181205932318,8.621366742892981,0.9022656649695575,-2.513937317758616,-0.004876863244478237
5480.0,0.10108869186214253,4.6610096988732295,8.424295504575912,-0.7492075997464642,-0.022234804626846454,0.29618169399658334
5500.0,0.05399113744079757,4.730871891531959,8.536684779005812,-1.0859513792689923,-1.9987948065458263,0.0008122972709828467
5520.0,-0.10922322929390178,4.955431384304293,8.538246075921778,-1.030086078200629,-0.08118876741888512,1.0088247733779274
5540.0,-0.18055222380151506,4.767434375228291,8.487834370918527,2.716440409561849,0.31194337084713075,-0.7748312555262631
5560.0,0.026272641370824124,5.023936404226989,8.529744595918777,-0.5706718569263731,1.1653271112258008,0.47223176144121376
5580.0,-0.14413487342623144,4.837913677524198,8.435938642392289,1.5587032604922606,-0.3774887532886823,0.24041296380342062
5600.0,0.006491453414731375,4.857113743824897,8.640824111237885,-0.4692870456402115,-0.0751869988187339,1.1172765962541693
5620.0,-0.04806567327496451,4.888647085406087,8.50688621225581,0.25929207565041335,-1.1345705703982285,0.6410976702350494
5640.0,0.04730286861385333,4.783703545355717,8.29164281265665,-0.25429437140383726,0.6982952039407712,-0.5971176975479466
5660.0,-0.05760070772951355,4.738060637443244,8.486223297642502,0.83316460470684,0.16097296918294102,0.7965566786234304
5680.0,-0.036216709239168636,4.911212957000358,8.49060779508983,-2.498447244445572,1.2498745357133976,0.26350069496678513
5700.0,-0.09244632631075103,4.845213508997456,8.611592413873252,-0.748608900231323,1.153064480863878,-0.9432125222072131
5720.0,-0.07090684359117115,4.871968077396499,8.527184979796806,-0.6397534776718938,0.4390831801432102,-1.17312640637117
5740.0,-0.07085361051612607,4.991684145601759,8.525668106137848,-1.8703430756509176,0.0023200935680535153,-1.0634775521053417
5760.0,0.07190559398063065,4.926340997915245,8.412528950836128,-0.23424406543247578,0.6771469440887384,1.1633208012532783
5780.0,-0.06304480746066433,4.9784544721728015,8.584130323945745,1.4348916970462036,-0.6141229215581002,0.7447790039143634
5800.0,0.07178129738775735,4.824644410274927,8.576821072837145,-2.500826232499631,-1.3186565473268073,0.5475869924686786
5820.0,-0.06784194214713755,4.969594452485728,8.467742055457602,-2.245622164932109,0.005848711957453545,-1.6105341522282817
5840.0,0.03326275720304418,4.9146837197432784,8.435948986053385,1.3839793976296872,-2.0032125052652523,-1.3422348186852817
5860.0,-0.12417176655226006,4.939225938034152,8.354641235780468,0.718748472797776,-0.4113906480835038,0.7431018680386315
5880.0,0.0026008809085240206,4.772635631742106,8.330925677017076,1.5653281531108634,0.7437228848153129,0.44640958238427897
5900.0,-0.1583179868279932,4.805824127685508,8.412284392877572,-0.45079645757160813,0.38474035630531045,-0.5738864729681162
5920.0,0.18492882945604094,4.925750482724246,8.51907713501656,0.9925887540419782,0.0286241301483351,-1.7607274219536553
5940.0,-0.03802649048365155,4.738011615727024,8.303421657336326,0.4368239083432348,0.23866704890723314,1.1356503536851552
5960.0,-0.14805739939342585,4.872446617293425,8.662402960098625,-2.143933276558946,-1.223274612670664,-0.12344972815301858
5980.0,0.017327192378157347,4.895667052876603,8.677382160387904,3.1933169235493537,0.4225007125436739,0.9579003349929118
6000.0,0.03360054608211677,4.813867471141782,8.498263120836716,-0.23300298314334092,-0.23958191596051884,1.0712701777021483
6020.0,-0.14703523274027264,4.899186249527682,8.284735920302964,-2.581813908853431,-0.857836304090553,0.5680120478052455
6040.0,-0.07705718799175426,4.773965580189706,8.658317188090896,-1.2679514524554156,-0.7244783955304342,-0.6580596423701727
6060.0,0.12386683953367748,4.8398403830854715,8.57916621249436,-0.4198615878405423,-0.27451617862127053,-0.7871934280862485
6080.0,0.13394514775992528,4.866830299054826,8.426357554738273,1.5001879514891159,0.8541696292164078,-1.6834829983289241
6100.0,-0.06053380357903996,4.84526685279408,8.451096295017166,3.085793970376025,-0.32767788116954577,-2.4053116410981863
6120.0,-0.06314806048705297,4.977304497757921,8.516840734114147,0.15706766400130712,-0.704284724231793,-0.1903435063109781
6140.0,-0.009799312755849544,5.119476759183686,8.518663530644986,-0.6515899548502654,0.09178535860245271,0.14824922344611813
6160.0,0.14598315982585927,4.707081674703627,8.46737802985403,2.70620912677337,0.4615579971363109,-1.066611517613343
6180.0,-0.07129785414210747,4.624477313195512,8.636986647033524,-1.6626765913213453,-1.9758897285499106,0.14973033005221115
6200.0,-0.03709266580163991,5.004043820325066,8.49431156860185,2.2422388441611365,0.6325012536238563,-3.6504182940480385
6220.0,-0.13141032008495787,4.948508674173317,8.601447356040124,-0.062451287646597534,-1.6186681744838882,1.3842322457895513
6240.0,-0.023035424313244568,4.995387342320162,8.608652689962685,1.4264567599503457,-0.10667159210914452,-0.41801678951299936
6260.0,0.12732815783235105,4.979043740851403,8.48349045169469,0.6222776333049566,1.6051824526768077,0.8859279381431334
6280.0,-0.14376495283008092,4.890017969786604,8.59870954264451,-0.21086186696901893,0.6511223375663443,-0.06238101349418449
6300.0,-0.01208580236114812,4.823743327749433,8.488591590550252,-1.4922120852699714,0.5717668014066377,0.5791882345924035
6320.0,0.02706157833986397,4.898545638839894,8.426658146269066,-0.24312084352036417,-0.8550491385777839,0.32974420504278984
6340.0,0.003315049373323208,4.953875129516349,8.620204280594104,-0.6879911818018336,-0.25993184546418957,0.5876038738532853
6360.0,-0.07133565782330778,4.750373691953774,8.57812142321372,0.24680327221726103,0.5149533767712473,0.34224493980077536
6380.0,0.22858457774026544,4.964438066298437,8.672194654603238,1.0980056243944936,0.08226838461735092,-0.05682912504206643
6400.0,-0.09138944812317285,4.790363666521277,8.508963650174216,0.23156136851853026,0.6252071039572111,-0.28991598336089436
6420.0,-0.15856397008129863,4.7372330902436275,8.499246502775417,-2.4523220066805895,2.1349915710856546,-0.7585142005235725
6440.0,-0.039950162630292045,4.625157088136675,8.637511877959968,1.0890662622195957,1.259280735735554,-0.022895503577422104
6460.0,-0.09710701023717319,5.121205042702109,8.49403048580401,3.7098039943930794,0.11384840142950099,0.7932731434258732
6480.0,0.23254459352610404,4.9946580846493385,8.656064116331963,0.35314338514799526,-0.5994761363003983,1.6602052974709522
6500.0,0.0033612213139927252,4.938610191485056,8.649559934814624,-0.06301672754991247,-0.20045164945880223,2.337034980072897
6520.0,-0.06885804387621199,4.757467531792794,8.564920618260953,-1.667334497862307,-0.062188154547287613,0.3626840901352842
6540.0,0.13496538797204527,4.896800445594803,8.580536605772505,0.5049905050217136,-1.1101601287217449,-0.1924093935950797
6560.0,-0.07397288639282289,5.137338109176161,8.462595608010421,0.10668946635301818,-1.4320395701692108,-0.6476518804671895
6580.0,0.07871449217941089,5.050601555550069,8.279465383090363,0.16672819830066432,0.3702811820406815,0.5544518402247829
6600.0,-0.005703427025632056,4.743040733940189,8.465368099826927,-0.21938512056983422,-0.9990887136222109,-0.6066362011833707
6620.0,-0.0009914647656796545,4.966173024215372,8.612202730891054,3.4585214942642137,-0.3810869554955717,-1.0493137494394467
6640.0,0.15271028597694067,4.751116055308687,8.507808961082238,2.3910318995043736,0.6960663873110425,1.8586277566698197
6660.0,0.10344713146341043,4.755769436631269,8.683944402557096,-0.8373669424141617,1.4804365264054768,-0.9795611071614241
6680.0,-0.016050642932096144,4.594000696563979,8.42522139759196,-1.2296875635918183,0.39776085571044417,1.8012044219978736
6700.0,0.07608365203647353,4.887574252395875,8.455965314975678,0.9906565263672147,-0.15143879833459298,-1.6665891915141648
6720.0,0.010500680885289852,4.924354235030949,8.471568604814399,1.6405221900568046,-0.8210056862516328,-0.6910930316727617
6740.0,-0.025237470447557267,4.9869675998193985,8.461036411520352,-1.4786972974488184,0.44554804010405274,-1.9666639666425152
6760.0,-0.16173989269911362,4.9817226687783815,8.52191175079957,-1.4844850708558373,1.9696805624699831,1.4705558789078512
6780.0,0.21363480312984115,4.548106717344158,8.4187064892119,-1.7176708471373487,-1.5208836803218475,-1.0089032936329323
6800.0,0.03383422435092386,4.85060315100939,8.438099763574908,-1.6300846607101511,-0.24275192152646002,-0.13781276911353033
6820.0,-0.07085388093557687,5.0226573127076355,8.539758981654229,-1.2015898328339223,-0.7598934841247361,-0.16467266815806214
6840.0,0.038508785650520516,4.904157599094769,8.696905271596677,-2.3543231844106494,1.2107160142655793,1.9998138847994722
6860.0,0.0265332340365256,5.059073653084687,8.433728980590354,-2.830163081340431,0.8794152964507927,1.9519910716641333
6880.0,0.011680585153357455,4.798561158315296,8.599531135026725,-1.2880658458299044,-2.9013798215491384,0.9062557721951008
6900.0,0.08227294198381896,4.833997983036699,8.503702233037833,-0.8642826880155232,-0.6169621759552015,-0.4787783091285672
6920.0,-0.0031876279066396897,4.741252607103109,8.484223007164552,2.6418524487740616,-0.11896306843033273,1.189033301736435
6940.0,-0.129817003583895,5.054972345178633,8.57843444872923,2.0611396920265275,-1.060136192693421,1.0574533556112935
6960.0,0.07304569679940183,4.81159005600716,8.375528720984894,-1.6211697120395265,1.143630444946204,1.6669612564477143
6980.0,0.04646870377756531,4.8616845529655,8.40527549038035,0.7877247922198296,-1.0445909504168323,0.05624987172633358
7000.0,-0.03669934748881906,4.8270676584406,8.487224166136086,-2.0554086608360467,0.5854361079684267,0.9211679357208676
7020.0,0.13946037719465756,4.769669666363245,8.32427578566578,-2.358606352194962,-1.5896390895501278,-0.3775049421657403
7040.0,0.11629076583460207,4.901393527644577,8.494125682229708,-1.1982402054649146,0.27161171484716706,0.08872871321008585
7060.0,0.038657373249348065,4.979259574445076,8.319437612137193,-4.538317064707833,-0.6163236458411849,-0.5625737892317648
7080.0,0.09300686958161114,4.9592655325360315,8.411584975828305,-6.2854499983163,-0.0020258414777803643,-1.078905317286612
7100.0,0.012465236887358865,4.913007906140748,8.336858026788082,-8.46734350302233,-1.1749460597719072,0.8138012081601119
7120.0,-0.020358065925331063,5.147537205236876,8.518985157469533,-8.883263496058236,1.8679289892353952,-0.6253227546701611
7140.0,0.021318070134720007,5.068463221641839,8.56972779460943,-9.377082118421187,-1.680811293609276,-0.6076811459510572
7160.0,0.08516817433709002,5.219897449220924,8.296986365607706,-12.274514079472226,0.9914204566281413,-0.21158969529953994
7180.0,0.0970536521558213,5.147886231145776,8.430440481771674,-11.997036172366679,-0.02679323645227928,-0.7453754936217247
7200.0,-0.1350093313034823,5.158455576945196,8.45011987202365,-13.813902011923735,0.14497339561647266,1.19442853085151
7220.0,0.04729363629408016,5.245297503570118,8.200096118152226,-17.50899996027407,0.3012638845576372,1.1899501209697732
7240.0,0.025150393392331674,5.173076280936746,8.365958270877428,-16.96046245258707,0.37999016601687663,-1.5871281943813773
7260.0,0.15429025737898694,5.302668698658305,8.445274492371317,-17.603822635854957,-0.05689703628134996,-1.2845225646956138
7280.0,0.15397833281640239,5.180592857972459,8.341634639349625,-19.164458838266672,0.6839797082403106,-1.4423788618981466
7300.0,-0.04428554022674685,5.33281738590239,7.914062931922672,-19.893222794608292,0.047984111616698376,-0.5859451631959398
7320.0,-0.09093983743850792,5.585901188591085,8.150095501256303,-21.244828968996405,0.8091246984325046,0.41460544095300284
7340.0,0.05033177780080338,5.724874968880815,7.895544256920924,-26.686653703494862,0.5611518471874729,0.384766392622261
7360.0,0.1727787047852415,5.6188350586729205,7.955979141896467,-24.00995129926169,0.5989964490784586,-0.7392525725381857
7380.0,0.0911500689398434,5.6558240552573675,7.917058632674523,-25.682602460772152,1.7835068810411332,0.7099127066959346
7400.0,0.009613538166463391,5.63353151144258,7.948574889701137,-26.755032520637442,-0.3727119079383403,0.8224282055278537
7420.0,0.006692700802010034,5.9097497164254555,7.85523615325262,-27.29258133055351,0.25862534177774654,1.232318664613775
7440.0,-0.269491949420952,6.002600642815451,7.734769621115102,-32.331901982542206,0.8020305851576733,1.3019215487312572
7460.0,-0.12368896409808249,5.929993218289136,7.745382853317414,-30.990841162537695,-0.3418599250583598,0.3179411594990469
7480.0,-0.2437378279178117,6.375986128173579,7.772578581041988,-32.897394073713066,-0.15277169010851768,0.46128499153259134
7500.0,0.09117615311139493,6.3089432528792955,7.641736059556286,-34.23339634651776,-1.0067947962130523,-0.38023062420228704
7520.0,0.12786132580025664,6.196656562897495,7.337499223999597,-36.25007355180077,-0.603322801370318,1.5366861647772285
7540.0,0.01643475668489895,6.347791253042292,7.366214241691196,-36.74305885110402,0.05885759653709667,1.1192773717844122
7560.0,0.19064602126727018,6.750002758417642,7.485764777164401,-37.460679523557644,0.005416675436502981,-1.2132343802752292
7580.0,-0.13623843945591632,6.606820552930652,7.115813289720294,-36.98857482816243,0.7793807573157867,-1.3563308850370128
7600.0,-0.03537573441207498,6.85323502726653,7.167565127777863,-38.46370491225198,-0.7157559556102242,-1.0885413170636642
7620.0,-0.040974093803050705,6.661342940021403,7.2314355410696205,-39.470031643675085,-1.3315140936973087,0.7535327630792837
7640.0,0.006401136777013452,6.794276812139765,6.844111714678222,-40.12449487683915,0.5302700922223664,-1.458635672292532
7660.0,0.050451488673950544,6.970474703362915,7.004335691577702,-40.34373890484774,-0.9550252157002712,-0.41126408119146707
7680.0,0.30947124211778776,7.278163499079857,6.7770653792718365,-42.27832532420435,0.797246361007709,2.39632692638645
7700.0,0.029566933851235783,7.13874775994649,6.91158663585243,-41.74164600131967,0.677135924094072,0.6834529500507263
7720.0,0.01708747715825842,7.203050177227959,6.619102422084427,-41.62851601001312,-1.0637604154476776,-0.021345242831884294
7740.0,0.16864460579264273,7.393001696955187,6.536360073389123,-44.584331590331246,0.2537671879413217,-0.37414286715408246
7760.0,0.11658794635731687,7.567248412620903,6.443215950488731,-44.999260515286366,0.9537649232429066,-2.0200469996928687
7780.0,-0.13020645758843682,7.411672088743883,6.407109390252762,-45.73596863018665,-0.6806644303247926,-1.0773490813692927
7800.0,-0.047821349473137875,7.821050219966752,6.1362256412566785,-45.33373371378911,1.232401490342042,0.13926003081557534
7820.0,-0.034289325448512535,7.604562913657571,6.197959072475888,-43.88757411526675,-1.2424456196989924,-0.045375904900419664
7840.0,0.004229167174345578,7.819166144083671,5.576233934053572,-44.821668272253454,-1.4448064481321374,0.12125219551878155
7860.0,0.07079091731582922,8.003702840321727,5.495604208032427,-44.023618333143126,-1.1651262287296849,0.21134914387382409
7880.0,0.1601556962571047,8.16135324151215,5.658674488777898,-42.86668803009126,1.8233442643989717,0.6059152846884569
7900.0,0.00040641259929534044,8.073502341256386,5.4880746001577485,-44.7132160665611,-0.8294207588498738,0.7112192782941373
7920.0,0.17748015146505847,8.215562180835942,5.311986566803767,-47.235278195022104,-0.3126278818864091,-0.027847699864671272
7940.0,0.01967220589431642,8.347257514534293,5.284452348042177,-50.352257352757974,-0.3784468664421424,0.9246261955642955
7960.0,-0.017246801836617247,8.57014734014049,4.970943635354442,-47.938676219577275,1.2062216217032538,-1.4392074593639526
7980.0,-0.18326748498237005,8.611370616864058,4.906776391171461,-46.54947561232035,0.7718646638463104,-1.4253916318039617
8000.0,-0.0304239590280585,8.573816699544725,4.783862684825203,-46.921156421479274,-0.4940438234897787,-0.11725835387484307
8020.0,0.07176131979922405,8.667430783716647,4.71415199634838,-48.79769794914187,0.9697986026993398,1.493544320423364
8040.0,0.1021231956091552,8.486996103728325,4.4147218056603785,-49.269816863588325,0.7080190473868548,-0.35890672970979587
8060.0,-0.26636249321949135,8.85258453951146,4.461803822006069,-45.62253212155592,0.15768925483537194,0.731578228932276
8080.0,-0.17150322155891543,9.036462212235167,4.242970080993833,-48.22452380587746,-0.43578638725864416,-0.886973056841655
8100.0,-0.06760022920133249,8.994812444563477,4.007271337144883,-48.28497489489945,1.8615173402558542,-0.34552890597872626
8120.0,0.10752498762665447,8.947688630944274,3.803958791286163,-46.78740365071473,2.273206020258777,-1.573760690336286
8140.0,0.19212456032749256,9.079863798119268,3.7018340574657587,-47.024301917198166,-0.2673076356983849,0.5905258592739525
8160.0,0.04934954436490558,9.263711876900235,3.7878713907398334,-46.72713262005062,0.09375106121804852,1.2295155988215902
8180.0,-0.07479616095718433,9.013563517162659,3.694904422229447,-44.30527044955915,0.26583889747744893,-1.3451685191928533
8200.0,0.01620790936422278,9.210509497554257,3.3370803602733092,-45.002672897649944,0.14566917225619946,-0.49674792912182064
8220.0,-0.08791665434748845,9.280748048519198,3.1448101603067684,-44.55192913971463,-0.4556790978560895,0.02667184413459661
8240.0,0.06769707660631748,9.311647191891163,3.128485386263553,-42.72362487364657,-0.2672089390042176,-0.5483992087173166
8260.0,-0.10011902883671522,9.273960623152004,2.87251001128555,-43.60506848796205,-0.35278111102898113,1.09017616282646
8280.0,0.056117458096936114,9.321558312917226,2.688264930346357,-39.9450056524299,0.3345890016323304,-2.7399133673988234
8300.0,-0.06792050170765158,9.513884528321976,2.5527753084631364,-43.26846565184025,-1.1474848804408766,0.02614395644634172
8320.0,0.05330878852917468,9.54006606146083,2.460891665532353,-41.16828925501059,-0.3274647000754131,-0.008029486613907599
8340.0,-0.03975342208131133,9.234961324596588,2.508538208464275,-38.40835688723173,-0.03943737326906714,-0.5108043959231753
8360.0,-0.06412264928877397,9.68703119324695,2.081170738972996,-38.336659907023325,-1.71556703613424,0.6404849089784549
8380.0,-0.09778335273253129,9.575088440295373,2.2868410596301896,-38.10898728512163,1.8431585911119819,0.6445497791274962
8400.0,0.11108378413639917,9.67986160101648,1.797798257004737,-39.62219080216446,-0.7951406471375325,-0.6687017688889072
8420.0,-0.04598178664840182,9.504130704602202,1.8552063377020898,-38.04947582091384,-2.2758430874720124,1.4654555332040193
8440.0,-0.27335839328442907,9.555625736432336,1.8296557187261668,-37.62123889547717,-0.37032748079894784,0.5595003019751268
8460.0,-0.07712555124246186,9.674900094960593,1.7688443418610968,-37.93629585628541,1.2425762205406556,-0.9213118443557984
8480.0,-0.11424869485726064,9.590898560521767,1.6053436631961389,-34.26350938604283,0.852526638032087,-0.21187601201192624
8500.0,-0.10666989214325875,9.817997997294087,1.4110898581361448,-32.17925445085456,-1.2663623520797793,0.5650257435394885
8520.0,0.1133044432313522,9.740189318358965,1.299147627173722,-30.604173516787842,-1.1136723706170446,0.4817497898512735
8540.0,0.03510530178444359,9.636557900456491,1.1596412533771219,-31.137469532924666,1.6322558609673488,-1.6254928478899369
8560.0,-0.020685196947336462,9.884290837111816,1.0624724092133038,-29.273154921212004,-0.018143004342089937,-1.3112407871439866
8580.0,0.1827317466070685,9.707944575756446,0.9567553675937328,-28.838840445604568,1.1371330677245848,-0.5587491888611479
8600.0,-0.1816507043060581,9.848293826288543,0.7901673431198752,-29.711873297066578,0.26810896710381577,-0.042379706702965064
8620.0,-0.06048337157574679,9.811616336175486,0.9055212917786298,-23.738685003292936,0.48565068431843145,0.5877006019776587
8640.0,-0.13194756262340518,9.75048419226848,0.7951808428586333,-27.533076217281074,-0.09327997170969117,-1.2127048725122873
8660.0,-0.08257325149679402,9.690403097996501,0.6946637800690365,-22.305492406650863,0.25907849679786493,0.23215031484106788
8680.0,-0.21266897467479026,9.871908045082385,0.46978018184511927,-21.510930469632562,-0.8222037637053985,0.4999787679242368
8700.0,0.2112727192085625,9.788718904529174,0.6990435521675237,-20.234123631212512,-0.5160139395432976,-0.647704597031715
8720.0,-0.08039802760769188,9.73684278737777,0.41631113386708035,-18.775543397151463,0.6330780294904743,-1.1216941871347101
8740.0,0.05908335742068463,9.867058191408484,0.26687079686541393,-20.668512976648074,-0.21609288511017563,-0.7175611446649828
8760.0,0.0885862302632906,9.723386539303414,0.31338345280271523,-17.32320833045619,1.2811173543572016,-0.9688842902572983
8780.0,-0.04746286652352631,9.951324799411855,0.5260278275169721,-13.324933650653781,-1.0496071348451963,-0.8379329670706631
8800.0,-0.01687776092471997,9.843966681200436,0.32561254165411635,-11.978327421994287,1.6473898278922807,-0.7589829863824076
8820.0,0.1133738524161892,9.98092408957922,0.17208238212477608,-12.987580871920795,0.8831444691805376,-0.7966473643376427
8840.0,-0.005770891311726265,9.694267928860528,0.026695543956473833,-11.329975347648013,-0.30078444918940855,1.032084071013521
8860.0,-0.05889760851386014,9.950902006516484,0.16706917938185467,-9.134062952445394,-1.665789404528652,0.6813759306056806
8880.0,-0.16137364165077803,9.871780402561486,-0.06244539985762347,-8.223753242694388,0.9466856928121672,0.04518636741794782
8900.0,-0.012243684925537028,9.82753927582492,0.05447775983285769,-5.76313125474305,0.06592250692861161,1.2732258040471833
8920.0,0.015274148217025066,9.783296332784237,0.14920419130423485,-7.835948906367648,-0.7289841639259524,-1.5113473778791076
8940.0,-0.04285614935936457,9.74254772778141,-0.1603447811440282,-3.5424455978916454,-0.790039575485032,1.152132018377624
8960.0,0.08033260027767695,9.837824900620532,-0.039045429244546286,-4.390867308560425,1.2607717426333942,0.09310073277201797
8980.0,0.16007449460484874,9.776269063502921,-0.020435155167672435,-0.8725096672860436,0.7882955923814556,0.8103357550771657
9000.0,-0.0927789361202669,9.87173627072502,-0.06201446636720182,0.0519000189152137,-0.5370325921228191,-1.3724297224363242
9020.0,-0.028431000305890193,9.709914937585841,-0.20184302852872968,0.7470940232525913,0.728725887649958,1.1514714326181508
9040.0,-0.09880060129432855,9.636251082682213,-0.18109781791082416,1.3991930435081112,-0.1509926712155811,-2.189152983177984
9060.0,-0.020608433601140563,9.967936043704873,0.14136912765331305,-3.9035264908577894,0.7078917392192933,-1.5283512443514984
9080.0,0.01434391303885724,9.97576877483244,-0.06437741589621351,1.4262911719520308,-1.0386746827304087,0.3990583197802246
9100.0,-0.13303067445694133,9.83967925628037,-0.21930849679876052,0.10156659713032726,0.9984795425646577,-0.5817546627544563
9120.0,-0.05564149696567231,9.596170161639355,-0.0852935852753025,-0.0806198175350212,2.7374166097632058,0.6633436402123537
9140.0,0.014618229977016256,9.932008064691566,-0.09806470637220772,-2.8116092355131794,-0.9664439465161057,1.0714585123576346
9160.0,-0.07441045315267879,9.936896395543416,-0.04864166608434266,1.1903736336758528,-0.12569063727976124,-0.05264613305017465
9180.0,0.07227798145562979,9.692223441757923,-0.03823971293379036,2.6166952707541364,0.533592028105922,0.1679594693466171
9200.0,-0.19354564658673382,9.73297837552769,-0.04316096141995886,0.024069315659968327,0.9653565135374658,-0.6383114609803187
9220.0,0.11763460583398695,9.819669713918591,0.06069689646349545,-0.06814356823408502,-0.13913277599080415,0.05364003206676257
9240.0,-0.030880924548907358,9.716377470309679,0.1619059234183839,0.369066412455557,1.9869768269296142,-0.7509806862324405
9260.0,0.03286647698172135,9.81133807942739,-0.15059886707916298,0.9530503662680483,0.10024309258345132,-0.4106633836149889
9280.0,-0.02600940830508835,9.889963923660677,0.12256167659335573,-0.6690537072820137,2.0507992164685924,-1.5934820624667705
9300.0,-0.005798227400542096,9.917988879299443,-0.00603614270667117,0.768969531043627,0.12287131738163679,1.4051996867895733
9320.0,-0.07109135208656775,9.840311578013926,0.035915587516726376,-0.6059093006925744,0.4170357745538111,1.0731679851717029
9340.0,0.06946792520272202,9.948665834775454,0.15716995414288673,1.6346692486045151,-0.36329940606104566,0.4415292430351669
9360.0,-0.014478984868064402,9.902365393875396,0.18981932610602636,-0.9745484789438459,0.38563798355709555,-2.3181048238717312
9380.0,-0.1438963193567444,9.798930411105292,0.09290615879397313,0.4737384155438482,-1.8124900128049795,0.7904325461928238
9400.0,0.08082887563803018,9.861436416083153,-0.24886169468032146,2.755962862719948,-0.2586720153245913,-0.9540687629697706
9420.0,-0.10299845308885268,9.659779877361593,0.16483191493236354,0.9740870318683867,0.5270639103111304,-0.3782230375416012
9440.0,0.03616538965403287,9.93298516378159,-0.06787411068776333,2.2952146486920917,-0.7443283018794034,0.8699598509551677
9460.0,-0.0584294352459131,9.785433997735776,-0.18737543658939845,0.21744927938220499,0.14795240913761593,-1.0908753238205
9480.0,-0.00557337949255898,9.708813209845516,0.17403893419776398,-0.8416701640916617,0.25271530774359646,2.272187559596522
9500.0,-0.013006210794854945,9.883416848701884,-0.12864370514898307,0.7511582706946542,-0.5476451884799364,0.6167678939132816
9520.0,0.06392425164656768,9.740002110376997,0.0919897617070908,-1.2068619845744726,-0.5866336514604475,0.16234918310780044
9540.0,-0.06494441436773894,9.797115068773103,-0.01032242929788704,-2.6310813058189213,0.09035565865675085,-0.31553920223021786
9560.0,-0.008852723973052217,9.71681006233363,0.11431784806781771,0.31689725473659236,-4.115038383082787,0.7641306028100877
9580.0,-0.009888528863255936,9.93443503899399,0.12506971077624984,1.2907522462979992,0.7460538276882139,-0.07921590682326152
9600.0,-0.07611341937809617,9.800619567884516,0.21711765960945045,2.3875495940192866,-0.5333665194279668,-0.7673934562309442
9620.0,0.28356245402460706,9.783024592081826,-0.05164455105201307,2.4153135267917905,-1.1789145726651282,1.5082572618486552
9640.0,0.006104217441981245,9.859777659768506,0.2084790150273892,-0.851904793906314,1.3110876818383397,-2.0580495054077246
9660.0,-0.036659101216822726,9.776644989675459,0.03554355803922137,-1.0113386765403882,-0.2958332796060062,1.681297972588122
9680.0,-0.15890229570643888,9.603347651134559,0.2071651247747151,0.8778761723182882,0.23123213990432637,0.08799712921836313
9700.0,-0.036020100811109304,9.89919045461397,0.06021312789059049,-1.1724701742746788,-1.6066006457908004,0.9894062062769753
9720.0,0.014937573214264883,9.793379384164808,0.04350371762099459,-0.001719871506032341,-0.4174520053831391,1.4853325212169834
9740.0,-0.10118364785900641,9.81223479154627,-0.16719463114640792,-0.6546346904300734,-1.2588938204982614,0.002301846911081839
9760.0,-0.150187696630405,9.753989429979473,-0.13068023190378975,1.7394637214844808,-0.053251238644722594,-0.7029657781350138
9780.0,0.04522018227395877,9.747610855992168,-0.15006192300168245,0.601103362438526,1.5993600784749593,1.133197118572605
9800.0,-0.01336011581360788,9.97250880439068,0.07856711756908513,-0.2865424916418585,-1.0936052116023678,1.1297927282374063
9820.0,0.13028593719320217,9.801682107722323,0.11734531361509659,-1.029550957389052,0.5394068952165316,-2.0093576117189467
9840.0,-0.058153611175835465,9.578717121400137,0.22305176440430396,-0.1949910964219709,0.7337584047630329,0.7198969288714085
9860.0,-0.10452302896034311,9.733916923418354,-0.05240912786099142,-0.8990642944595129,-0.6300619332672601,0.34654432759687354
9880.0,0.026657215532520612,9.83328823473152,0.042276167595289994,0.023137771069935368,0.24836484137439066,-0.15395545571778643
9900.0,0.04456089132581718,9.929526249531012,-0.02092980143550042,-1.707923285833192,0.22569476346325618,-0.27436509337065823
9920.0,0.08134025494832944,9.895927809467679,-0.1355399926017996,-2.0080874545911604,-1.1211178322801352,-0.3601894424909925
9940.0,-0.05258280730310569,9.778385693316666,0.04421909118251579,-0.29744543211125646,0.5917770715847568,0.331988052073427
9960.0,-0.00706620676114848,9.792779437789914,-0.0887946082112506,-0.09576856344306084,0.033504163275703644,-0.6591629189855349
9980.0,-0.08450402727594027,9.621071785489546,0.04207135099383114,-0.769666920718769,-1.1152838134262033,-0.37269654518685813
